{
  "hash": "2387c9b6",
  "configHash": "35f7935d",
  "lockfileHash": "f27a28f1",
  "browserHash": "68f44e9c",
  "optimized": {
    "@angular/common": {
      "src": "../../../../../node_modules/@angular/common/fesm2022/common.mjs",
      "file": "@angular_common.js",
      "fileHash": "1a245157",
      "needsInterop": false
    },
    "@angular/common/http": {
      "src": "../../../../../node_modules/@angular/common/fesm2022/http.mjs",
      "file": "@angular_common_http.js",
      "fileHash": "8f2d4a7b",
      "needsInterop": false
    },
    "@angular/core": {
      "src": "../../../../../node_modules/@angular/core/fesm2022/core.mjs",
      "file": "@angular_core.js",
      "fileHash": "ea071df4",
      "needsInterop": false
    },
    "@angular/forms": {
      "src": "../../../../../node_modules/@angular/forms/fesm2022/forms.mjs",
      "file": "@angular_forms.js",
      "fileHash": "6fa61f0c",
      "needsInterop": false
    },
    "@angular/material/dialog": {
      "src": "../../../../../node_modules/@angular/material/fesm2022/dialog.mjs",
      "file": "@angular_material_dialog.js",
      "fileHash": "ff844417",
      "needsInterop": false
    },
    "@angular/material/icon": {
      "src": "../../../../../node_modules/@angular/material/fesm2022/icon.mjs",
      "file": "@angular_material_icon.js",
      "fileHash": "3f9940ac",
      "needsInterop": false
    },
    "@angular/platform-browser": {
      "src": "../../../../../node_modules/@angular/platform-browser/fesm2022/platform-browser.mjs",
      "file": "@angular_platform-browser.js",
      "fileHash": "9f63a753",
      "needsInterop": false
    },
    "@angular/router": {
      "src": "../../../../../node_modules/@angular/router/fesm2022/router.mjs",
      "file": "@angular_router.js",
      "fileHash": "dcc61d91",
      "needsInterop": false
    },
    "jspdf": {
      "src": "../../../../../node_modules/jspdf/dist/jspdf.es.min.js",
      "file": "jspdf.js",
      "fileHash": "c3ec6ced",
      "needsInterop": false
    },
    "jspdf-autotable": {
      "src": "../../../../../node_modules/jspdf-autotable/dist/jspdf.plugin.autotable.js",
      "file": "jspdf-autotable.js",
      "fileHash": "9416684f",
      "needsInterop": true
    },
    "moment": {
      "src": "../../../../../node_modules/moment/moment.js",
      "file": "moment.js",
      "fileHash": "0511490f",
      "needsInterop": true
    },
    "rxjs": {
      "src": "../../../../../node_modules/rxjs/dist/esm5/index.js",
      "file": "rxjs.js",
      "fileHash": "828c0e4b",
      "needsInterop": false
    }
  },
  "chunks": {
    "html2canvas.esm-GW5LB3DM": {
      "file": "html2canvas__esm-GW5LB3DM.js"
    },
    "purify.es-43JANGLS": {
      "file": "purify__es-43JANGLS.js"
    },
    "index.es-MBPGECAM": {
      "file": "index__es-MBPGECAM.js"
    },
    "chunk-6RHWZGDD": {
      "file": "chunk-6RHWZGDD.js"
    },
    "chunk-D7VSCVV7": {
      "file": "chunk-D7VSCVV7.js"
    },
    "chunk-NVGTIW6V": {
      "file": "chunk-NVGTIW6V.js"
    },
    "chunk-DLPLWGTO": {
      "file": "chunk-DLPLWGTO.js"
    },
    "chunk-G5YMRTGP": {
      "file": "chunk-G5YMRTGP.js"
    },
    "chunk-WSA2QMXP": {
      "file": "chunk-WSA2QMXP.js"
    },
    "chunk-WYJIUPNM": {
      "file": "chunk-WYJIUPNM.js"
    },
    "chunk-GW7VBVOT": {
      "file": "chunk-GW7VBVOT.js"
    },
    "chunk-RM45IPHL": {
      "file": "chunk-RM45IPHL.js"
    }
  }
}